{
  "Linear Regression": {
    "test_mae": 0.49650113211528357,
    "test_rmse": 0.6763607553718507,
    "test_r2": 0.6708909116920976
  },
  "Random Forest": {
    "test_mae": 0.4274943935679417,
    "test_rmse": 0.5014774444835625,
    "test_r2": 0.8190802901601677
  },
  "Gradient Boosting": {
    "test_mae": 0.5843926433813589,
    "test_rmse": 0.671700405244276,
    "test_r2": 0.6754106284244212
  }
}